{"count":1,"self":10689.1239424,"total":29825.9138728,"children":{"AgentSendState":{"count":3125651,"self":45.204076799999996,"total":419.90067769999996,"children":{"CollectObservations":{"count":5001048,"self":23.2250048,"total":23.2250041,"children":null},"CollectDiscreteActionMasks":{"count":5001048,"self":4.3223052,"total":4.3223050999999995,"children":null},"AgentInfo.ToProto":{"count":5001048,"self":14.749081599999998,"total":347.1492922,"children":{"GenerateSensorData":{"count":5001048,"self":61.9698624,"total":332.4002099,"children":{"RayPerceptionSensor.Perceive":{"count":15003144,"self":270.43036159999997,"total":270.4303499,"children":null}}}}}}},"DecideAction":{"count":3125651,"self":18635.2992256,"total":18635.2997497,"children":null},"AgentAct":{"count":3125651,"self":81.1876928,"total":81.581105999999991,"children":{"AgentInfo.ToProto":{"count":5000,"self":0.0229829,"total":0.3934117,"children":{"GenerateSensorData":{"count":5000,"self":0.0677897,"total":0.3704288,"children":{"RayPerceptionSensor.Perceive":{"count":15000,"self":0.3026391,"total":0.3026391,"children":null}}}}}}}},"gauges":{"Hummingbird.CumulativeReward":{"count":5000,"max":63.8788872,"min":-24.5,"runningAverage":31.6269627,"value":54.5793,"weightedAverage":47.2220535}},"metadata":{"timer_format_version":"0.1.0","start_time_seconds":"1622535376","unity_version":"2021.1.7f1","command_line_arguments":"E:\\Unity 2021\\2021.1.7f1\\Editor\\Unity.exe -projectpath E:\/Unity Projects\/HummingBirds -useHub -hubIPC -cloudEnvironment production -hubSessionId 3c8af2a0-c2aa-11eb-8584-0d3d65c2a300","communication_protocol_version":"1.0.0","com.unity.ml-agents_version":"1.0.7","scene_name":"Training","end_time_seconds":"1622565198"}}