{"count":1,"self":6789.8023936,"total":12916.1831109,"children":{"InitializeActuators":{"count":8,"self":0.0019655,"total":0.0019655,"children":null},"InitializeSensors":{"count":8,"self":0.0020003,"total":0.0020003,"children":null},"AgentSendState":{"count":3125651,"self":249.5834624,"total":469.95220029999996,"children":{"CollectObservations":{"count":5001048,"self":22.0115072,"total":22.011508,"children":null},"WriteActionMask":{"count":5001048,"self":4.1172575999999994,"total":4.1172575,"children":null},"RequestDecision":{"count":5001048,"self":18.7266928,"total":194.2399701,"children":{"AgentInfo.ToProto":{"count":5001048,"self":15.340737599999999,"total":175.5132769,"children":{"GenerateSensorData":{"count":5001048,"self":142.3476736,"total":160.1725389,"children":{"RayPerceptionSensor.Perceive":{"count":15003144,"self":17.8248624,"total":17.8248622,"children":null}}}}}}}}},"DecideAction":{"count":3125651,"self":5568.5574656,"total":5568.557398,"children":null},"AgentAct":{"count":3125651,"self":87.6111296,"total":87.8650869,"children":{"AgentInfo.ToProto":{"count":5000,"self":0.0449892,"total":0.2539571,"children":{"GenerateSensorData":{"count":5000,"self":0.1949665,"total":0.20896789999999998,"children":{"RayPerceptionSensor.Perceive":{"count":15000,"self":0.014001399999999999,"total":0.014001399999999999,"children":null}}}}}}}},"gauges":{"Hummingbird.CumulativeReward":{"count":5000,"max":67.9202957,"min":-29,"runningAverage":38.5298271,"value":45.35909,"weightedAverage":49.8869629}},"metadata":{"timer_format_version":"0.1.0","start_time_seconds":"1664205586","unity_version":"2021.1.7f1","command_line_arguments":"E:\\Unity 2021\\2021.1.7f1\\Editor\\Unity.exe -projectpath E:\/Unity Projects\/HummingBird -useHub -hubIPC -cloudEnvironment production -hubSessionId eec24380-3d9a-11ed-8b14-c960c7392df7","communication_protocol_version":"1.5.0","com.unity.ml-agents_version":"2.2.1-exp.1","scene_name":"Training","end_time_seconds":"1664218501"}}
